,Delivery_ID,Pickup_Latitude,Pickup_Longitude,Dropoff_Latitude,Dropoff_Longitude,Delivery_Distance_km,Package_Weight_kg,Delivery_Time_Est_min,Order_Value,Platform_Fees,Traffic_Index,Discount_Applied,Surge_Multiplier,Fuel_Cost,Total_Delivery_Fee
count,10000.0,10000.0,10000.0,10000.0,10000.0,10000.0,10000.0,10000.0,10000.0,10000.0,10000.0,10000.0,10000.0,10000.0,10000.0
mean,5000.5,-0.3255491289999999,0.045223226500000144,0.46503615899999984,-0.4612544117000003,25.587473000000003,10.12525,125.4762,250.198904,2.749106,1.24735,3.154491,1.18335,5.507219999999999,36.78288823300001
std,2886.8956799071675,51.84957658037145,103.9323504135794,51.7953658178317,103.46873163114455,14.20505025297484,5.8018178260359745,66.21695479309044,142.92449444902766,1.3063224443439851,0.4294893288643601,5.638620501951842,0.4566062049760486,2.604892761368453,22.147551272492713
min,1.0,-89.9237585,-179.89636,-89.990075,-179.951991,1.01,0.1,10.0,5.03,0.5,0.5,0.0,1.0,1.0,-10.964
25%,2500.75,-44.912395625,-89.574271,-44.3668785,-89.62703575,13.1975,5.08,67.75,125.235,1.62,0.88,0.0,1.0,3.27,22.6425
50%,5000.5,-0.8647885,-0.146587,-0.320975,-1.155509,25.485,10.3,126.0,248.575,2.75,1.24,0.0,1.0,5.5,33.7575
75%,7500.25,44.339532,89.87296599999999,45.650468375,88.2060735,37.9825,15.1825,182.0,373.6,3.89,1.62,4.3025,1.0,7.75,45.3145
max,10000.0,89.979694,179.974729,89.997102,179.996865,49.99,20.0,239.0,499.99,5.0,2.0,19.99,3.0,10.0,162.73744
