,trip_id,pickup_latitude,pickup_longitude,dropoff_latitude,dropoff_longitude,trip_distance_km,trip_duration_min,base_fare,surge_multiplier,time_of_day,traffic_index,tolls,cancellation_fee,passenger_count,total_fare
count,10000.0,10000.0,10000.0,10000.0,10000.0,10000.0,10000.0,10000.0,0.0,0.0,10000.0,10000.0,0.0,10000.0,10000.0
mean,0.0,-1.9895196601282805e-17,2.7000623958883807e-17,4.263256414560601e-18,-2.3447910280083306e-17,4.263256414560601e-18,-2.4158453015843405e-17,4.916955731459893e-16,,,-1.779909553079051e-16,-4.2810199829546036e-17,,-9.308109838457313e-17,2.1600499167107046e-16
std,0.9999999999999999,0.9999999999999973,1.000000000000001,1.0000000000000018,1.0000000000000038,0.9999999999999956,1.0000000000000053,0.9999999999999876,,,1.0000000000000056,1.0000000000000007,,1.0000000000000477,0.9999999999999949
min,-1.7317910151019955,-1.7324465924159238,-1.7272549248138862,-1.7341341225672298,-1.7400869232349172,-1.72997025380025,-1.7059123942972696,-1.733041562987664,,,-1.7341579951762678,-1.707598643689331,,-1.3287224938896276,-2.0597647930859986
25%,-0.865895507550998,-0.8690054527187536,-0.8828522155056083,-0.866777980617658,-0.868270087541349,-0.86759130095421,-0.8611608465560712,-0.8704497480830101,,,-0.875362888763237,-0.8724778466669559,,-1.3287224938896276,-0.7021418704673674
50%,0.0,-0.00411031567543755,0.01176667348663205,0.0137266677096831,0.0014811536839096,-0.0184242819261454,-0.0164092988148728,-0.0078579331783564,,,0.0066428962014973,-0.0098633608537209,,-0.4318460214700342,-0.13620437039193356
75%,0.865895507550998,0.857449683373508,0.8685546294485275,0.8700160088579999,0.871805379893086,0.8622712155311787,0.8585119470599398,0.8686466529344365,,,0.8422273240628249,0.8699346804538013,,0.4650304509495591,0.49908295747376186
max,1.7317910151019955,1.7455068374670275,1.7313563390917093,1.719019571216464,1.7171443241592912,1.7531759345751208,1.7334331929347524,1.7451512390472297,,,1.7474437875792626,1.729112455168179,,1.3619069233691523,2.3009201993854558
